{
  "app": {
    "version": "6.0.2",
    "versionCode": "152",
    "link": "https://github.com/The-Cracker-Technology/magisk-andrax-mod/releases/download/apkv17.5/magisk.apk",
    "note": ""
  },
  "uninstaller": {
    "link": "https://github.com/The-Cracker-Technology/magisk-andrax-mod/releases/download/unv17.5/magisk-uninstaller.zip"
  },
  "snet": {
    "versionCode": "12",
    "link": "https://raw.githubusercontent.com/topjohnwu/magisk_files/b66b1a914978e5f4c4bbfd74a59f4ad371bac107/snet.apk"
  },
  "magisk": {
    "version": "17.5",
    "versionCode": "17501",
    "link": "https://github.com/The-Cracker-Technology/magisk-andrax-mod/releases/download/v17.5/magisk-release.zip",
    "note": "",
    "md5": "39c5828dea5dfa0eced48b72e32233b0"
  }
}
